,variables,VIF
0,index,0.2481910300269582
1,gross_profit,77.81476975461521
2,total_revenue,49.05832533393757
3,cost_of_revenue,3477683109938.607
4,cost_of_goods_and_services_sold,3477683109938.607
5,operating_income,123.4279606495578
6,selling_general_and_administrative,1.342331514320476
7,research_and_development,14.452269697478423
8,operating_expenses,11.20155070819448
9,investment_income_net,2.1576134982420196
10,net_interest_income,30.424849847626916
11,interest_income,35.64473668785708
12,interest_expense,4.585541441572926
13,non_interest_income,3.120781610043697
14,other_non_operating_income,2.1305049234390743
15,depreciation,1.6429060061771301
16,depreciation_and_amortization,45.31253572616488
17,income_before_tax,228.4734440161007
18,income_tax_expense,10.873959945852487
19,interest_and_debt_expense,3.480340452124516
20,net_income_from_continuing_operations,33.84764407949948
21,comprehensive_income_net_of_tax,8.691275231195348
22,ebit,127.18267498058037
23,ebitda,271.13528153671734
24,net_income,118.86094822050828
25,total_assets,297.0754599477226
26,total_current_assets,3.7829334097398197
27,cash_and_cash_equivalents_at_carrying_value,332270888842.44476
28,cash_and_short_term_investments,332270888842.44476
29,inventory,176218302.9960223
30,current_net_receivables,2.622443559751486
31,total_non_current_assets,27.45438574133356
32,property_plant_equipment,47.65980579811481
33,accumulated_depreciation_amortization_ppe,1.5802735061627557
34,intangible_assets,1026497.4898520486
35,intangible_assets_excluding_goodwill,1026504.4496210765
36,goodwill,2.000183832277741
37,investments,2.3794236112800675
38,long_term_investments,13.404551499852987
39,short_term_investments,7.0454230012901835
40,other_current_assets,4.586625863731143
41,other_non_current_assets,2.8078474620101748
42,total_liabilities,155.2747143923087
43,total_current_liabilities,7.970387110907521
44,current_accounts_payable,2.908786347679686
45,deferred_revenue,1.5383522538951582
46,current_debt,1.825902086014905
47,short_term_debt,2.966397645241991
48,total_non_current_liabilities,8.139916656735666
49,capital_lease_obligations,11.700118552671457
50,long_term_debt,3.782534276213485
51,current_long_term_debt,1.7918677107955858
52,long_term_debt_noncurrent,2.3542551963061444
53,short_long_term_debt_total,37.04248404339946
54,other_current_liabilities,2.6226741570056755
55,other_non_current_liabilities,12.004941157538362
56,total_shareholder_equity,145.88997409847443
57,treasury_stock,2.1554547389363896
58,retained_earnings,46.905349314079075
59,common_stock,10.693494068709867
60,common_stock_shares_outstanding,1.9997791348865674
61,operating_cashflow,2.3558157192974245
62,payments_for_operating_activities,16705760.821145767
63,proceeds_from_operating_activities,1.2342169049976026
64,change_in_operating_liabilities,3.9591345305789973
65,change_in_operating_assets,4.3624959022658345
66,depreciation_depletion_and_amortization,3043359310.081616
67,capital_expenditures,470950458.3700137
68,change_in_receivables,3.6025455875858743
69,change_in_inventory,176206740.62714618
70,profit_loss,9.150916013554372
71,cashflow_from_investment,361628498.1018233
72,cashflow_from_financing,135861540.78121164
73,proceeds_from_repayments_of_short_term_debt,4.632471124869157
74,payments_for_repurchase_of_common_stock,149.0366012190468
75,payments_for_repurchase_of_equity,148.06892019609495
76,payments_for_repurchase_of_preferred_stock,2.3333202009117424
77,dividend_payout,2134510085.37638
78,dividend_payout_common_stock,99053321.64992231
79,dividend_payout_preferred_stock,1.3879762397286641
80,proceeds_from_issuance_of_common_stock,1.7744026670811432
81,proceeds_from_issuance_of_long_term_debt_and_capital_securities_net,2.3887087838374215
82,proceeds_from_issuance_of_preferred_stock,2.3974557023659906
83,proceeds_from_repurchase_of_equity,3.8415665333853215
84,proceeds_from_sale_of_treasury_stock,1.9282232434551556
85,change_in_cash_and_cash_equivalents,1.3907673589501726
86,change_in_exchange_rate,1.0335456084641086
87,accumulated_depreciation_amortization_ppe_change,1.7284452949341664
88,capital_expenditures_change,345310685.51495284
89,capital_lease_obligations_change,1.540213582378789
90,cash_and_cash_equivalents_at_carrying_value_change,4254699695201.2246
91,cash_and_short_term_investments_change,4254699695201.2246
92,cashflow_from_financing_change,86211069.45878996
93,cashflow_from_investment_change,65451429.41931974
94,change_in_inventory_change,323345477.74685967
95,change_in_operating_assets_change,5.481172232282577
96,change_in_operating_liabilities_change,4.971885013097531
97,change_in_receivables_change,3.7347512283644657
98,common_stock_change,2.1326245347604713
99,common_stock_shares_outstanding_change,1.9997868083081751
100,comprehensive_income_net_of_tax_change,2.971837389239547
101,cost_of_goods_and_services_sold_change,5068767166427.12
102,cost_of_revenue_change,5068767166427.12
103,current_accounts_payable_change,1.6595509202434204
104,current_debt_change,1.21292748314937
105,current_long_term_debt_change,2.0731210299934912
106,current_net_receivables_change,1.2791418826659233
107,deferred_revenue_change,1.1720033525710347
108,depreciation_change,1.506258765016147
109,depreciation_and_amortization_change,9.084576574285043
110,depreciation_depletion_and_amortization_change,1467515742.3695989
111,dividend_payout_change,1907115000.225705
112,dividend_payout_common_stock_change,99071684.14992604
113,dividend_payout_preferred_stock_change,1.11518742447262
114,ebit_change,18.819559811528503
115,ebitda_change,27.481334762757704
116,goodwill_change,2.000098663531096
117,gross_profit_change,11.032338871066877
118,income_before_tax_change,18.791506418625666
119,income_tax_expense_change,3.7880145607707227
120,intangible_assets_change,17192086.30508394
121,intangible_assets_excluding_goodwill_change,17192088.17551755
122,interest_and_debt_expense_change,1.6644888954520647
123,interest_expense_change,2.006637894328167
124,interest_income_change,2.6729999082656337
125,inventory_change,323365026.18907946
126,investment_income_net_change,1.5009734190357082
127,investments_change,1.159223701558809
128,long_term_debt_change,2.6731657422122455
129,long_term_debt_noncurrent_change,1.0954406117311406
130,long_term_investments_change,2.217438980150839
131,net_income_change,11.854919531769383
132,net_income_from_continuing_operations_change,3.7542747241165215
133,net_interest_income_change,2.682815943093667
134,non_interest_income_change,1.606638495701828
135,operating_cashflow_change,2.3153351076792594
136,operating_expenses_change,3.3444310915382927
137,operating_income_change,12.381462865046775
138,other_current_assets_change,2.2997253940214617
139,other_current_liabilities_change,2.3789402204963035
140,other_non_current_assets_change,1.1175959038697065
141,other_non_current_liabilities_change,4.049239647497199
142,other_non_operating_income_change,2.2530833500567184
143,payments_for_operating_activities_change,12691484.639336567
144,payments_for_repurchase_of_common_stock_change,28.973087224284107
145,payments_for_repurchase_of_equity_change,32.64772989412356
146,payments_for_repurchase_of_preferred_stock_change,2.299513346899163
147,proceeds_from_issuance_of_common_stock_change,1.7903060556410815
148,proceeds_from_issuance_of_long_term_debt_and_capital_securities_net_change,1.5835900866955037
149,proceeds_from_issuance_of_preferred_stock_change,2.0443949414869658
150,proceeds_from_operating_activities_change,1.0793900397260883
151,proceeds_from_repayments_of_short_term_debt_change,4.554373627877826
152,proceeds_from_repurchase_of_equity_change,2.2423613832582223
153,proceeds_from_sale_of_treasury_stock_change,1.9278631050916213
154,profit_loss_change,3.145225691170486
155,property_plant_equipment_change,2.2580678182592075
156,research_and_development_change,4.25367984755481
157,retained_earnings_change,1.8128350434399454
158,selling_general_and_administrative_change,1.3344084132960192
159,short_long_term_debt_total_change,2.1360971469418626
160,short_term_debt_change,1.0532347321348106
161,short_term_investments_change,1.827461157494441
162,total_assets_change,3.4367535849795883
163,total_current_assets_change,1.678749487284403
164,total_current_liabilities_change,4.392010504131187
165,total_liabilities_change,6.8203762227326665
166,total_non_current_assets_change,3.6810651106447763
167,total_non_current_liabilities_change,4.7522585502854895
168,total_revenue_change,3.116052211050531
169,total_shareholder_equity_change,2.651700307430871
170,treasury_stock_change,1.6775534480995755
171,avg_interest_rate,1.3796150519225328
172,avg_treasury_yield,1.547948612357113
173,avg_unemployment_rate,0.4116594632266812
174,inflation,2.4058128651112494
175,avg_volume,1.2155607133684903
